slug,tier,year,journal,title,authors,doi,url
ambrus-greiner-2012-aer,A,2012,American Economic Review,Imperfect Public Monitoring with Costly Punishment: An Experimental Study,ambrus-attila; Ben Greiner,,
gierlinger-laczo-2018-ej,A,2018,Economic Journal,Matching to Share Risk without Commitment,Johannes Gierlinger; laczo-sarolta,,
greulich-laczo-marcet-2023-jpe,A,2023,Journal of Political Economy,Pareto-Improving Optimal Capital and Labor Taxes,Katharina Greulich; laczo-sarolta; Albert Marcet,,https://www.journals.uchicago.edu/doi/10.1086/722982
laczo-2015-jeea,A,2015,Journal of the European Economic Association,Risk Sharing with Limited Commitment and Preference Heterogeneity: Structural Estimation and Testing,laczo-sarolta,10.1111/jeea.12115,https://doi.org/10.1111/jeea.12115
brodeur-et-al-2026-nature,A,2026,Nature,Reproducibility and robustness of economics and political science research,Abel Brodeur; et al.; gaspar-attila,,
ambrus-chaney-salitskiy-2018-qe,A,2018,Quantitative Economics,Pirates of the Mediterranean: An Empirical Investigation of Bargaining with Asymmetric Information,ambrus-attila; Eric Chaney; Igor Salitskiy,,
ambrus-gao-milan-2022-restud,A,2022,Review of Economic Studies,Informal Risk Sharing with Local Information,ambrus-attila; Wayne Yuan Gao; Pau Milán,,
ambrus-takahashi-2008-te,A,2008,Theoretical Economics,Multi-Sender Cheap Talk with Restricted State Spaces,ambrus-attila; Satoru Takahashi,,
brown-earle-et-al-2006-ces,B,2006,Comparative Economic Studies,"Nonstandard Forms and Measures of Employment and Unemployment in Transition: A Comparative Study of Estonia, Romania, and Russia",Jason Brown; John S. Earle; Vladimir Gimpelson; Rostislav Kapeliushnikov; Hartmut Lehmann; telegdy-almos; Irina Vantu; Ruxandra Visan; Alexandru Voicu,10.1057/palgrave.ces.8100181,https://doi.org/10.1057/palgrave.ces.8100181
elekes-stojkoski-et-al-2022-eg,B,2022,Economic Geography,Technology Network Structure Conditions the Economic Resilience of Regions,elekes-zoltan,,
vonyo-2014-ehr,B,2014,Economic History Review,"DavidGreasley and LesOxley, eds., Economics and history: surveys in cliometrics (Oxford, Wiley‐Blackwell, 2012. Pp. 304. ISBN 9781444337808 Pbk. £19.99)",vonyo-tamas,10.1111/1468-0289.12076_35,https://doi.org/10.1111/1468-0289.12076_35
gillman-csabafi-et-al-2025-ecmod,B,2025,Economic Modelling,Revisiting neoclassical growth theory: A primary role for inflation and capacity utilization,Max Gillman; Tamas Csabafi; benk-szilard; László Mátyás; Mitchell P. Smith; Mark N. Harris,10.1016/j.econmod.2025.107358,https://doi.org/10.1016/j.econmod.2025.107358
luintel-matthews-et-al-2020-em,B,2020,Economic Modelling,The role of Provincial Government Spending Composition in growth and convergence in China,Kul B. Luintel; Kent Matthews; Lucy Minford; valentinyi-akos; Baoshun Wang,10.1016/j.econmod.2020.04.024,https://doi.org/10.1016/j.econmod.2020.04.024
bekes-murakozy-et-al-2011-es,B,2011,Economic Systems,Firms and products in international trade: Evidence from Hungary,bekes-gabor; murakozy-balazs; harasztosi-peter,10.1016/j.ecosys.2010.11.005,https://doi.org/10.1016/j.ecosys.2010.11.005
segal-halevi-sziklai-2018-ecth,B,2018,Economic Theory,Monotonicity and competitive equilibrium in cake-cutting,Erel Segal-Halevi; sziklai-balazs,10.1007/s00199-018-1128-6,https://doi.org/10.1007/s00199-018-1128-6
koczy-nichifor-2012-ecth,B,2012,Economic Theory,The intellectual influence of economic journals: quality versus quantity,koczy-laszlo; Alexandru Nichifor,10.1007/s00199-012-0708-0,https://doi.org/10.1007/s00199-012-0708-0
virag-2011-ecth,B,2011,Economic Theory,First-price auctions with resale: the case of many bidders,virag-gabor,10.1007/s00199-011-0666-y,https://doi.org/10.1007/s00199-011-0666-y
koszegi-2009-ecth,B,2009,Economic Theory,Utility from anticipation and personal equilibrium,koszegi-botond,10.1007/s00199-009-0465-x,https://doi.org/10.1007/s00199-009-0465-x
telegdy-2023-el,B,2023,Economics Letters,The effects of enterprise relief grants during COVID-19,telegdy-almos,10.1016/j.econlet.2023.111482,https://doi.org/10.1016/j.econlet.2023.111482
sapriza-temesvary-2020-eclett,B,2020,Economics Letters,Asymmetries in the bank lending channel of monetary policy in the United States,Horacio Sapriza; temesvary-judit,10.1016/j.econlet.2020.109050,https://doi.org/10.1016/j.econlet.2020.109050
szabo-ujhelyi-2017-el,B,2017,Economics Letters,Choice and happiness in South Africa,Andrea Szabó; ujhelyi-gergely,10.1016/j.econlet.2017.02.002,https://doi.org/10.1016/j.econlet.2017.02.002
bekes-murakozy-2015-el,B,2015,Economics Letters,Measuring productivity premia with many modes of internationalization,bekes-gabor; murakozy-balazs,10.1016/j.econlet.2015.12.016,https://doi.org/10.1016/j.econlet.2015.12.016
darvas-2015-eclett,B,2015,Economics Letters,Does money matter in the euro area? Evidence from a new Divisia index,darvas-zsolt,10.1016/j.econlet.2015.05.034,https://doi.org/10.1016/j.econlet.2015.05.034
bako-kalecz-simon-2013-eclett,B,2013,Economics Letters,Quota bonuses with heterogeneous agents,bako-barna; András Kálecz‐Simon,10.1016/j.econlet.2013.03.008,https://doi.org/10.1016/j.econlet.2013.03.008
chung-eso-2013-el,B,2013,Economics Letters,Persuasion and learning by countersignaling,Kim‐Sau Chung; eso-peter,10.1016/j.econlet.2013.10.002,https://doi.org/10.1016/j.econlet.2013.10.002
bako-kalecz-simon-2012-eclett,B,2012,Economics Letters,Price discrimination in asymmetric Cournot oligopoly,bako-barna; András Kálecz‐Simon,10.1016/j.econlet.2012.03.016,https://doi.org/10.1016/j.econlet.2012.03.016
garay-simonovits-et-al-2011-eclett,B,2011,Economics Letters,Local interaction in tax evasion,Barnabás M. Garay; simonovits-andras; István János Tóth,10.1016/j.econlet.2011.12.066,https://doi.org/10.1016/j.econlet.2011.12.066
simonovits-2011-eclett,B,2011,Economics Letters,When are voluntary pensions indifferent?,simonovits-andras,10.1016/j.econlet.2011.01.031,https://doi.org/10.1016/j.econlet.2011.01.031
molnar-virag-2007-el,B,2007,Economics Letters,Revenue maximizing auctions with market interaction and signaling,József Molnár; virag-gabor,10.1016/j.econlet.2007.08.010,https://doi.org/10.1016/j.econlet.2007.08.010
eso-futo-1999-el,B,1999,Economics Letters,Auction design with a risk averse seller,eso-peter; Gábor Futó,10.1016/s0165-1765(99)00115-9,https://doi.org/10.1016/s0165-1765(99)00115-9
adamecz-adamecz-volgyi-et-al-2020-eoer,B,2020,Economics of Education Review,Is ‘first in family’ a good indicator for widening university participation?,adamecz-anna; Anna Adamecz-Völgyi; Morag Henderson; Nikki Shure,10.1016/j.econedurev.2020.102038,https://doi.org/10.1016/j.econedurev.2020.102038
szabo-lovasz-2023-ee,B,2023,Empirical Economics,Where can childcare expansion increase maternal labor supply? A comparison of quasi-experimental estimates from seven countries,szabo-morvai-agnes; Anna Lovász,10.1007/s00181-023-02531-6,https://doi.org/10.1007/s00181-023-02531-6
lovasz-szabo-2018-ee,B,2018,Empirical Economics,Childcare availability and maternal labor supply in a setting of high potential impact,Anna Lovász; szabo-morvai-agnes,10.1007/s00181-018-1423-x,https://doi.org/10.1007/s00181-018-1423-x
harasztosi-2015-ee,B,2015,Empirical Economics,Export spillovers in Hungary,harasztosi-peter,10.1007/s00181-015-0965-4,https://doi.org/10.1007/s00181-015-0965-4
biro-2013-ee,B,2013,Empirical Economics,Supplementary private health insurance and health care utilization of people aged 50+,biro-aniko,10.1007/s00181-013-0689-2,https://doi.org/10.1007/s00181-013-0689-2
benk-gillman-2023-enerecon,B,2023,Energy Economics,Identifying money and inflation expectation shocks to real oil prices,benk-szilard; Max Gillman,10.1016/j.eneco.2023.106878,https://doi.org/10.1016/j.eneco.2023.106878
csercsik-hubert-et-al-2019-enerecon,B,2019,Energy Economics,Modeling transfer profits as externalities in a cooperative game-theoretic model of natural gas networks,csercsik-david; Franz Hubert; sziklai-balazs; koczy-laszlo,10.1016/j.eneco.2019.01.013,https://doi.org/10.1016/j.eneco.2019.01.013
murakozy-telegdy-2016-eer,B,2016,European Economic Review,Political incentives and state subsidy allocation: Evidence from Hungarian municipalities,murakozy-balazs; telegdy-almos,10.1016/j.euroecorev.2016.07.003,https://doi.org/10.1016/j.euroecorev.2016.07.003
bekkers-francois-et-al-2012-eer,B,2012,European Economic Review,"Import prices, income, and inequality",Eddy Bekkers; Joseph François; manchin-miriam,10.1016/j.euroecorev.2012.02.005,https://doi.org/10.1016/j.euroecorev.2012.02.005
hijzen-gorg-et-al-2007-eer,B,2007,European Economic Review,Cross-border mergers and acquisitions and the role of trade costs,Alexander Hijzen; Holger Görg; manchin-miriam,10.1016/j.euroecorev.2007.07.002,https://doi.org/10.1016/j.euroecorev.2007.07.002
balog-batyi-et-al-2016-ejoor,B,2016,European Journal of Operational Research,Properties and comparison of risk capital allocation methods,Dóra Balog; Tamás László Bátyi; csoka-peter; Miklós Pintér,10.1016/j.ejor.2016.10.052,https://doi.org/10.1016/j.ejor.2016.10.052
csoka-herings-et-al-2010-ejor,B,2010,European Journal of Operational Research,Convex and exact games with non-transferable utility,csoka-peter; P. Jean‐Jacques Herings; koczy-laszlo; Miklós Pintér,10.1016/j.ejor.2010.08.004,https://doi.org/10.1016/j.ejor.2010.08.004
keller-2023-esr,B,2023,European Sociological Review,Peer effects on academic self-concept: a large randomized field experiment,keller-tamas,,
csoka-erb-et-al-2025-frl,B,2025,Finance Research Letters,Who is still in line? How bank beliefs drive fragility under runs,csoka-peter; Tamás Erb; kiss-hubert,10.1016/j.frl.2025.109110,https://doi.org/10.1016/j.frl.2025.109110
danis-2020-frl-shareholder-monitoring,B,2020,Finance Research Letters,Shareholder Monitoring with Strategic Investors,danis-andras,10.1016/j.frl.2019.06.007,https://doi.org/10.1016/j.frl.2019.06.007
csoka-hever-2018-frl,B,2018,Finance Research Letters,Portfolio valuation under liquidity constraints with permanent price impact,csoka-peter; Judit Hevér,10.1016/j.frl.2018.02.019,https://doi.org/10.1016/j.frl.2018.02.019
owen-temesvary-2018-frl,B,2018,Finance Research Letters,"CEO compensation, pay inequality, and the gender diversity of bank board of directors",Ann L. Owen; temesvary-judit,10.1016/j.frl.2018.10.010,https://doi.org/10.1016/j.frl.2018.10.010
csoka-2016-frl,B,2016,Finance Research Letters,Fair risk allocation in illiquid markets,csoka-peter,10.1016/j.frl.2016.11.007,https://doi.org/10.1016/j.frl.2016.11.007
doval-szentes-2024-gaeb,B,2024,Games and Economic Behavior,On the efficiency of queueing in dynamic matching markets,Laura Doval; szentes-balazs,10.1016/j.geb.2024.11.019,https://doi.org/10.1016/j.geb.2024.11.019
tobias-2022-gaeb,B,2022,Games and Economic Behavior,Equilibrium non-existence in generalized games,tobias-aron,10.1016/j.geb.2022.06.012,https://doi.org/10.1016/j.geb.2022.06.012
csoka-herings-2019-gaeb,B,2019,Games and Economic Behavior,Liability games,csoka-peter; P. Jean‐Jacques Herings,10.1016/j.geb.2019.05.007,https://doi.org/10.1016/j.geb.2019.05.007
cumbul-virag-2018-gaeb,B,2018,Games and Economic Behavior,Multilateral limit pricing in price-setting games,Eray Cumbul; virag-gabor,10.1016/j.geb.2018.06.008,https://doi.org/10.1016/j.geb.2018.06.008
tobias-2018-gaeb,B,2018,Games and Economic Behavior,Non-linear pricing and optimal shipping policies,tobias-aron,10.1016/j.geb.2018.08.008,https://doi.org/10.1016/j.geb.2018.08.008
virag-2016-gaeb,B,2016,Games and Economic Behavior,Auctions with resale: Reserve prices and revenues,virag-gabor,10.1016/j.geb.2016.07.009,https://doi.org/10.1016/j.geb.2016.07.009
ambrus-lu-2014-gaeb,B,2014,Games and Economic Behavior,Almost fully revealing cheap talk with imperfectly informed senders,ambrus-attila; Shih En Lu,10.1016/j.geb.2014.09.001,https://doi.org/10.1016/j.geb.2014.09.001
virag-2010-gaeb,B,2010,Games and Economic Behavior,High profit equilibria in directed search models,virag-gabor,10.1016/j.geb.2010.08.006,https://doi.org/10.1016/j.geb.2010.08.006
csoka-herings-et-al-2008-geb,B,2008,Games and Economic Behavior,Stable allocations of risk,csoka-peter; P. Jean‐Jacques Herings; koczy-laszlo,10.1016/j.geb.2008.11.001,https://doi.org/10.1016/j.geb.2008.11.001
koczy-2008-geb,B,2008,Games and Economic Behavior,Sequential coalition formation and the core in the presence of externalities,koczy-laszlo,10.1016/j.geb.2008.04.002,https://doi.org/10.1016/j.geb.2008.04.002
virag-2008-gaeb,B,2008,Games and Economic Behavior,Efficiency and competition in the long run: The survival of the unfit,virag-gabor,10.1016/j.geb.2008.10.008,https://doi.org/10.1016/j.geb.2008.10.008
virag-2007-gaeb,B,2007,Games and Economic Behavior,Repeated common value auctions with asymmetric bidders,virag-gabor,10.1016/j.geb.2007.01.001,https://doi.org/10.1016/j.geb.2007.01.001
eso-schummer-2003-gaeb,B,2003,Games and Economic Behavior,Bribing and signaling in second price auctions,eso-peter; James Schummer,10.1016/j.geb.2003.06.005,https://doi.org/10.1016/j.geb.2003.06.005
koczy-lauwers-2003-geb,B,2003,Games and Economic Behavior,The coalition structure core is accessible,koczy-laszlo; Luc Lauwers,10.1016/j.geb.2003.06.006,https://doi.org/10.1016/j.geb.2003.06.006
szentes-rosenthal-2003-gaeb,B,2003,Games and Economic Behavior,Three-object two-bidder simultaneous auctions: chopsticks and tetrahedra,szentes-balazs; Robert W. Rosenthal,10.1016/s0899-8256(02)00530-4,https://doi.org/10.1016/s0899-8256(02)00530-4
biro-prinz-2020-hp,B,2020,Health Policy,Healthcare spending inequality: Evidence from Hungarian administrative data,biro-aniko; prinz-daniel,10.1016/j.healthpol.2020.01.006,https://doi.org/10.1016/j.healthpol.2020.01.006
biro-hellowell-2016-hp,B,2016,Health Policy,Public–private sector interactions and the demand for supplementary health insurance in the United Kingdom,biro-aniko; Mark Hellowell,10.1016/j.healthpol.2016.05.002,https://doi.org/10.1016/j.healthpol.2016.05.002
biro-2013-hp,B,2013,Health Policy,"Copayments, gatekeeping, and the utilization of outpatient public and private care at age 50 and above in Europe",biro-aniko,10.1016/j.healthpol.2013.03.009,https://doi.org/10.1016/j.healthpol.2013.03.009
lieli-stinchcombe-et-al-2019-ijof,B,2019,International Journal of Forecasting,Unrestricted and controlled identification of loss functions: Possibility and impossibility results,lieli-robert; Maxwell B. Stinchcombe; Viola M. Grolmusz,10.1016/j.ijforecast.2018.11.007,https://doi.org/10.1016/j.ijforecast.2018.11.007
khan-lieli-2018-ijof,B,2018,International Journal of Forecasting,"Information flow between prediction markets, polls and media: Evidence from the 2008 presidential primaries",Urmee Khan; lieli-robert,10.1016/j.ijforecast.2018.04.002,https://doi.org/10.1016/j.ijforecast.2018.04.002
tobias-2021-ijogt,B,2021,International Journal of Game Theory,Meet meets join: the interaction between pooled and common knowledge,tobias-aron,10.1007/s00182-021-00778-w,https://doi.org/10.1007/s00182-021-00778-w
sziklai-2017-ijogt,B,2017,International Journal of Game Theory,How to identify experts in a community?,sziklai-balazs,10.1007/s00182-017-0582-x,https://doi.org/10.1007/s00182-017-0582-x
eso-galambos-2012-ijogt,B,2012,International Journal of Game Theory,Disagreement and evidence production in strategic information transmission,eso-peter; Ádám Galambos,10.1007/s00182-012-0344-8,https://doi.org/10.1007/s00182-012-0344-8
eso-schummer-2009-ijogt,B,2009,International Journal of Game Theory,Credible deviations from signaling equilibria,eso-peter; James Schummer,10.1007/s00182-009-0161-x,https://doi.org/10.1007/s00182-009-0161-x
biro-cechlarova-et-al-2007-ijgt,B,2007,International Journal of Game Theory,The dynamics of stable matchings and half-matchings for the stable marriage and roommates problems,biro-peter; Kataŕına Cechlárová; fleiner-tamas,10.1007/s00182-007-0084-3,https://doi.org/10.1007/s00182-007-0084-3
gautier-somogyi-2020-ijio,B,2020,International Journal of Industrial Organization,Prioritization vs zero-rating: Discrimination on the internet,Axel Gautier; somogyi-robert,10.1016/j.ijindorg.2020.102662,https://doi.org/10.1016/j.ijindorg.2020.102662
galasso-mitchell-et-al-2016-ijio,B,2016,International Journal of Industrial Organization,Market outcomes and dynamic patent buyouts,Alberto Galasso; Matthew Mitchell; virag-gabor,10.1016/j.ijindorg.2016.06.007,https://doi.org/10.1016/j.ijindorg.2016.06.007
temesvary-2015-ijio,B,2015,International Journal of Industrial Organization,Dynamic branching and interest rate competition of commercial banks: Evidence from Hungary,temesvary-judit,10.1016/j.ijindorg.2015.09.003,https://doi.org/10.1016/j.ijindorg.2015.09.003
raviv-virag-2008-ijio,B,2008,International Journal of Industrial Organization,Gambling by auctions,Yaron Raviv; virag-gabor,10.1016/j.ijindorg.2008.10.005,https://doi.org/10.1016/j.ijindorg.2008.10.005
barath-ferto-2024-jae,B,2024,Journal of Agricultural Economics,The relationship between the ecologisation of farms and total factor productivity,barath-lajos; ferto-imre,,
barath-ferto-bojnec-2020-jae,B,2020,Journal of Agricultural Economics,"The effect of investment, LFA and agri-environmental subsidies on productivity components",barath-lajos; ferto-imre; Štefan Bojnec,,
sapriza-temesvary-2024-jbf,B,2024,Journal of Banking & Finance,Economic activity and the bank credit channel,Horacio Sapriza; temesvary-judit,10.1016/j.jbankfin.2024.107216,https://doi.org/10.1016/j.jbankfin.2024.107216
owen-temesvary-2018-jbf,B,2018,Journal of Banking & Finance,The performance effects of gender diversity on bank boards,Ann L. Owen; temesvary-judit,10.1016/j.jbankfin.2018.02.015,https://doi.org/10.1016/j.jbankfin.2018.02.015
csoka-herings-2014-jobf,B,2014,Journal of Banking & Finance,Risk allocation under liquidity constraints,csoka-peter; P. Jean‐Jacques Herings,10.1016/j.jbankfin.2014.08.017,https://doi.org/10.1016/j.jbankfin.2014.08.017
temesvary-2014-jbf,B,2014,Journal of Banking & Finance,The determinants of U.S. banks’ international activities,temesvary-judit,10.1016/j.jbankfin.2014.04.014,https://doi.org/10.1016/j.jbankfin.2014.04.014
darvas-2008-jbf,B,2008,Journal of Banking & Finance,Leveraged carry trade portfolios,darvas-zsolt,10.1016/j.jbankfin.2008.10.007,https://doi.org/10.1016/j.jbankfin.2008.10.007
csoka-herings-et-al-2007-jbf,B,2007,Journal of Banking & Finance,Coherent measures of risk from a general equilibrium perspective,csoka-peter; P. Jean‐Jacques Herings; koczy-laszlo,10.1016/j.jbankfin.2006.10.026,https://doi.org/10.1016/j.jbankfin.2006.10.026
egert-halpern-2005-jobf,B,2005,Journal of Banking & Finance,Equilibrium exchange rates in Central and Eastern Europe: A meta-regression analysis,Balázs Égert; halpern-laszlo,10.1016/j.jbankfin.2005.07.001,https://doi.org/10.1016/j.jbankfin.2005.07.001
kiss-rodriguez-lara-et-al-2015-jbee,B,2015,Journal of Behavioral and Experimental Economics,Think twice before running! Bank runs and cognitive abilities,kiss-hubert; Ismael Rodríguez-Lara; Alfonso Rosa-García,10.1016/j.socec.2015.01.006,https://doi.org/10.1016/j.socec.2015.01.006
kiss-rodriguez-lara-et-al-2014-jbee,B,2014,Journal of Behavioral and Experimental Economics,Do women panic more than men? An experimental study of financial decisions,kiss-hubert; Ismael Rodríguez-Lara; Alfonso Rosa-García,10.1016/j.socec.2014.06.003,https://doi.org/10.1016/j.socec.2014.06.003
dobrinsky-korosi-et-al-2006-joce,B,2006,Journal of Comparative Economics,Price markups and returns to scale in imperfect markets: Bulgaria and Hungary,Rumen Dobrinsky; Gábor Kőrösi; Nikolay Markov; halpern-laszlo,10.1016/j.jce.2005.11.006,https://doi.org/10.1016/j.jce.2005.11.006
earle-telegdy-2002-joce,B,2002,Journal of Comparative Economics,Privatization Methods and Productivity Effects in Romanian Industrial Enterprises,John S. Earle; telegdy-almos,10.1006/jcec.2002.1798,https://doi.org/10.1006/jcec.2002.1798
simonovits-1991-jce,B,1991,Journal of Comparative Economics,"Investments, starts, and cycles in socialist economies: A mathematical model",simonovits-andras,10.1016/0147-5967(91)90026-p,https://doi.org/10.1016/0147-5967(91)90026-p
goel-telegdy-et-al-2024-jocf,B,2024,Journal of Corporate Finance,Subsidy-driven firm growth: Does loan history matter? Evidence from a European Union subsidy program,Tirupam Goel; telegdy-almos; Ádám Banai; Előd Takáts,10.1016/j.jcorpfin.2024.102592,https://doi.org/10.1016/j.jcorpfin.2024.102592
abagna-hornok-mulyukova-2025-jde,B,2025,Journal of Development Economics,Place-based Policies and Household Wealth in Africa,Matthew Abagna; hornok-cecilia; Alina Mulyukova,10.1016/j.jdeveco.2025.103461,https://www.sciencedirect.com/science/article/pii/S0304387825000331
gaspar-giommoni-et-al-2025-jde,B,2025,Journal of Development Economics,Corruption and Extremism,gaspar-attila; Tommaso Giommoni; Massimo Morelli; Antonio Nicolò,10.1016/j.jdeveco.2025.103459,https://www.sciencedirect.com/science/article/pii/S030438782500077X
szabo-ujhelyi-2015-jde,B,2015,Journal of Development Economics,Reducing nonpayment for public utilities: Experimental evidence from South Africa,Andrea Szabó; ujhelyi-gergely,10.1016/j.jdeveco.2015.06.002,https://doi.org/10.1016/j.jdeveco.2015.06.002
juhn-ujhelyi-et-al-2013-jde,B,2013,Journal of Development Economics,"Men, women, and machines: How trade impacts gender inequality",Chinhui Juhn; ujhelyi-gergely; Carolina Villegas‐Sánchez,10.1016/j.jdeveco.2013.09.009,https://doi.org/10.1016/j.jdeveco.2013.09.009
elliott-lieli-2013-joem,B,2013,Journal of Econometrics,Predicting binary outcomes,Graham Elliott; lieli-robert,10.1016/j.jeconom.2013.01.003,https://doi.org/10.1016/j.jeconom.2013.01.003
lieli-white-2009-joem,B,2009,Journal of Econometrics,The construction of empirical credit scoring rules based on maximization principles,lieli-robert; Halbert White,10.1016/j.jeconom.2009.10.028,https://doi.org/10.1016/j.jeconom.2009.10.028
bencsik-budhiraja-2025-joebo,B,2025,Journal of Economic Behavior & Organization,Cannabis deregulation and policing,bencsik-panka; Saayili Budhiraja,10.1016/j.jebo.2025.107202,https://doi.org/10.1016/j.jebo.2025.107202
frisancho-krishna-et-al-2016-joebo,B,2016,Journal of Economic Behavior & Organization,Better luck next time: Learning through retaking,Verónica Frisancho; Kala Krishna; lychagin-sergey; Cemile Yavas,10.1016/j.jebo.2016.01.012,https://doi.org/10.1016/j.jebo.2016.01.012
kiss-rodriguez-lara-et-al-2014-joebo,B,2014,Journal of Economic Behavior & Organization,Do social networks prevent or promote bank runs?,kiss-hubert; Ismael Rodríguez-Lara; Alfonso Rosa-García,10.1016/j.jebo.2014.01.019,https://doi.org/10.1016/j.jebo.2014.01.019
ambrus-azevedo-et-al-2013-joebo,B,2013,Journal of Economic Behavior & Organization,Legislative committees as information intermediaries: A unified theory of committee selection and amendment rules,ambrus-attila; Eduardo M. Azevedo; Yuichiro Kamada; Yuki Takagi,10.1016/j.jebo.2013.08.003,https://doi.org/10.1016/j.jebo.2013.08.003
duernecker-herrendorf-et-al-2021-joeda,B,2021,Journal of Economic Dynamics and Control,The productivity growth slowdown and Kaldor’s growth facts,Georg Duernecker; Berthold Herrendorf; valentinyi-akos,10.1016/j.jedc.2021.104200,https://doi.org/10.1016/j.jedc.2021.104200
laczo-2014-jedc,B,2014,Journal of Economic Dynamics and Control,Does risk sharing increase with risk aversion and risk when commitment is limited?,laczo-sarolta,10.1016/j.jedc.2014.07.003,https://doi.org/10.1016/j.jedc.2014.07.003
benk-gillman-et-al-2009-jedc,B,2009,Journal of Economic Dynamics and Control,A banking explanation of the US velocity of money: 1919–2004,benk-szilard; Max Gillman; Michal Kejak,10.1016/j.jedc.2009.11.005,https://doi.org/10.1016/j.jedc.2009.11.005
herrendorf-valentinyi-2005-joeda,B,2005,Journal of Economic Dynamics and Control,On the stability of the two-sector neoclassical growth model with externalities,Berthold Herrendorf; valentinyi-akos,10.1016/j.jedc.2005.05.006,https://doi.org/10.1016/j.jedc.2005.05.006
molnar-simonovits-1998-jedc,B,1998,Journal of Economic Dynamics and Control,"Expectations, (in)stability and (in)viability in realistic overlapping cohorts models",József Molnár; simonovits-andras,10.1016/s0165-1889(97)00121-8,https://doi.org/10.1016/s0165-1889(97)00121-8
hommes-nusse-et-al-1995-jedc,B,1995,Journal of Economic Dynamics and Control,Cycles and chaos in a socialist economy,Cars Hommes; Helena E. Nusse; simonovits-andras,10.1016/0165-1889(93)00778-3,https://doi.org/10.1016/0165-1889(93)00778-3
simonovits-1981-jedc,B,1981,Journal of Economic Dynamics and Control,Maximal convergence speed of decentralized control,simonovits-andras,10.1016/0165-1889(81)90004-x,https://doi.org/10.1016/0165-1889(81)90004-x
lorincz-2023-joeg,B,2023,Journal of Economic Geography,Residential mobility and labour market dynamics,lorincz-laszlo,,
vonyo-2021-jeh,B,2021,Journal of Economic History,"Technology and the Environment in State-Socialist Hungary: An Economic History. By Viktor Pál. London: Palgrave Macmillan, 2017. Pp. xiv, 263. $151.53, cloth; $116.92, eBook.",vonyo-tamas,10.1017/s0022050721000231,https://doi.org/10.1017/s0022050721000231
cervone-gaspar-et-al-2024-jecinq,B,2024,Journal of Economic Inequality,Inequality Perception and Preferences Globally and Locally,Carmen Cervone; gaspar-attila; et al.,,
garrett-georgiadis-et-al-2023-jet,B,2023,Journal of Economic Theory,Optimal technology design,Daniel F. Garrett; George Georgiadis; Alex Smolin; szentes-balazs,10.1016/j.jet.2023.105621,https://doi.org/10.1016/j.jet.2023.105621
kondor-zawadowski-2019-jet,B,2019,Journal of Economic Theory,Learning in crowded markets,kondor-peter; zawadowski-adam,10.1016/j.jet.2019.08.006,https://doi.org/10.1016/j.jet.2019.08.006
ambrus-egorov-2017-jet,B,2017,Journal of Economic Theory,Delegation and nonmonetary incentives,ambrus-attila; Georgy Egorov,10.1016/j.jet.2017.06.002,https://doi.org/10.1016/j.jet.2017.06.002
robatto-szentes-2017-jet,B,2017,Journal of Economic Theory,On the biological foundation of risk preferences,Roberto Robatto; szentes-balazs,10.1016/j.jet.2017.10.002,https://doi.org/10.1016/j.jet.2017.10.002
abraham-koehne-et-al-2011-jet,B,2011,Journal of Economic Theory,On the first-order approach in principal–agent models with hidden borrowing and lending,abraham-arpad; Sebastian Koehne; Nicola Pavoni,10.1016/j.jet.2011.03.002,https://doi.org/10.1016/j.jet.2011.03.002
abraham-carceles-poveda-2009-jet,B,2009,Journal of Economic Theory,Endogenous trading constraints with incomplete asset markets,abraham-arpad; Eva Cárceles‐Poveda,10.1016/j.jet.2009.10.006,https://doi.org/10.1016/j.jet.2009.10.006
ambrus-2008-jet,B,2008,Journal of Economic Theory,Theories of coalitional rationality,ambrus-attila,10.1016/j.jet.2007.03.010,https://doi.org/10.1016/j.jet.2007.03.010
gershkov-szentes-2008-jet,B,2008,Journal of Economic Theory,Optimal voting schemes with costly information acquisition,Alex Gershkov; szentes-balazs,10.1016/j.jet.2008.02.004,https://doi.org/10.1016/j.jet.2008.02.004
eso-2004-jet,B,2004,Journal of Economic Theory,An optimal auction with correlated values and risk aversion,eso-peter,10.1016/j.jet.2004.06.005,https://doi.org/10.1016/j.jet.2004.06.005
szentes-2004-jet,B,2004,Journal of Economic Theory,Equilibrium transformations and the Revenue Equivalence Theorem,szentes-balazs,10.1016/j.jet.2003.11.001,https://doi.org/10.1016/j.jet.2003.11.001
kornai-simonovits-1977-jet,B,1977,Journal of Economic Theory,Decentralized control problems in neumann-economies,kornai-janos; simonovits-andras,10.1016/0022-0531(77)90084-9,https://doi.org/10.1016/0022-0531(77)90084-9
gabos-branyiczki-et-al-2024-jesp,B,2024,Journal of European Social Policy,"Unravelling the relationship between employment, social transfers and income poverty",András Gábos; branyiczki-reka; Bori Binder; István György Tóth,,
chava-danis-hsu-2020-jfe,B,2020,Journal of Financial Economics,The Impact of Right-to-Work Laws on Worker Wages: Evidence from Collective Bargaining Agreements,Sudheer Chava; danis-andras; Alex Hsu,,
danis-gamba-2018-jfe,B,2018,Journal of Financial Economics,The Real Effects of Credit Default Swaps,danis-andras; Andrea Gamba,,
danis-rettl-whited-2014-jfe,B,2014,Journal of Financial Economics,"Refinancing, Profitability, and Capital Structure",danis-andras; Daniel Rettl; Toni Whited,,
freixas-loranth-et-al-2007-jofi,B,2007,Journal of Financial Intermediation,Regulating financial conglomerates,Xavier Freixas; loranth-gyongyi; Alan D. Morrison,10.1016/j.jfi.2007.03.004,https://doi.org/10.1016/j.jfi.2007.03.004
calzolari-loranth-2005-jofi,B,2005,Journal of Financial Intermediation,Regulation of Multinational Banks: A Theoretical Inquiry,Giacomo Calzolari; loranth-gyongyi,10.1016/j.jfi.2010.02.002,https://doi.org/10.1016/j.jfi.2010.02.002
passmore-temesvary-2022-jfs,B,2022,Journal of Financial Stability,How investor demands for safety influence bank capital and liquidity trade-offs,Wayne Passmore; temesvary-judit,10.1016/j.jfs.2022.100987,https://doi.org/10.1016/j.jfs.2022.100987
temesvary-2018-jfs,B,2018,Journal of Financial Stability,The transmission of foreign monetary policy shocks into the United States through foreign banks,temesvary-judit,10.1016/j.jfs.2018.09.003,https://doi.org/10.1016/j.jfs.2018.09.003
arping-loranth-et-al-2009-jofs,B,2009,Journal of Financial Stability,Public initiatives to support entrepreneurs: Credit guarantees versus co-funding,Stefan Arping; loranth-gyongyi; Alan D. Morrison,10.1016/j.jfs.2009.05.009,https://doi.org/10.1016/j.jfs.2009.05.009
koszegi-2003-jhe,B,2003,Journal of Health Economics,Health anxiety and patient behavior,koszegi-botond,10.1016/j.jhealeco.2003.06.002,https://doi.org/10.1016/j.jhealeco.2003.06.002
ducruet-juhasz-et-al-2024-jie,B,2024,Journal of International Economics,All aboard: The effects of port development,César Ducruet; juhasz-reka; nagy-david; Claudia Steinwender,10.1016/j.jinteco.2024.103963,https://doi.org/10.1016/j.jinteco.2024.103963
takats-temesvary-2021-jie,B,2021,Journal of International Economics,How does the interaction of macroprudential and monetary policies affect cross-border bank lending?,Előd Takáts; temesvary-judit,10.1016/j.jinteco.2021.103521,https://doi.org/10.1016/j.jinteco.2021.103521
takats-temesvary-2020-jie,B,2020,Journal of International Economics,The currency dimension of the bank lending channel in international monetary transmission,Előd Takáts; temesvary-judit,10.1016/j.jinteco.2020.103309,https://doi.org/10.1016/j.jinteco.2020.103309
temesvary-ongena-et-al-2018-jie,B,2018,Journal of International Economics,A global lending channel unplugged? Does U.S. monetary policy affect cross-border and affiliate lending by global U.S. banks?,temesvary-judit; Steven Ongena; Ann L. Owen,10.1016/j.jinteco.2018.02.004,https://doi.org/10.1016/j.jinteco.2018.02.004
bekes-murakozy-2012-jie,B,2012,Journal of International Economics,Temporary trade and heterogeneous firms,bekes-gabor; murakozy-balazs,10.1016/j.jinteco.2011.12.007,https://doi.org/10.1016/j.jinteco.2011.12.007
grossman-helpman-et-al-2005-jie,B,2005,Journal of International Economics,Optimal integration strategies for the multinational firm,Gene M. Grossman; Elhanan Helpman; szeidl-adam,10.1016/j.jinteco.2005.07.011,https://doi.org/10.1016/j.jinteco.2005.07.011
konya-vary-2024-jimf,B,2024,Journal of International Money and Finance,Which sectors go on when there is a sudden stop? An empirical analysis,konya-istvan; Miklós Váry,10.1016/j.jimonfin.2024.103110,https://doi.org/10.1016/j.jimonfin.2024.103110
temesvary-wei-2024-jimf,B,2024,Journal of International Money and Finance,Domestic lending and the pandemic: How does banks’ exposure to COVID-19 abroad affect their lending in the United States?,temesvary-judit; Andrew Wei,10.1016/j.jimonfin.2024.103054,https://doi.org/10.1016/j.jimonfin.2024.103054
benk-gillman-2019-jimf,B,2019,Journal of International Money and Finance,Granger predictability of oil prices after the Great Recession,benk-szilard; Max Gillman,10.1016/j.jimonfin.2019.102100,https://doi.org/10.1016/j.jimonfin.2019.102100
temesvary-banai-2017-jimf,B,2017,Journal of International Money and Finance,"The drivers of foreign bank lending in Central and Eastern Europe: The roles of parent, subsidiary and host market traits",temesvary-judit; Ádám Banai,10.1016/j.jimonfin.2017.08.005,https://doi.org/10.1016/j.jimonfin.2017.08.005
temesvary-2014-jimf,B,2014,Journal of International Money and Finance,Foreign activities of U.S. banks since 1997: The roles of regulations and market conditions in crises and normal times,temesvary-judit,10.1016/j.jimonfin.2014.09.008,https://doi.org/10.1016/j.jimonfin.2014.09.008
benczur-konya-2013-jimf,B,2013,Journal of International Money and Finance,"Convergence, capital accumulation and the nominal exchange rate",benczur-peter; konya-istvan,10.1016/j.jimonfin.2013.06.009,https://doi.org/10.1016/j.jimonfin.2013.06.009
koczy-2015-jmathe,B,2015,Journal of Mathematical Economics,Stationary consistent equilibrium coalition structures constitute the recursive core,koczy-laszlo,10.1016/j.jmateco.2015.08.006,https://doi.org/10.1016/j.jmateco.2015.08.006
koczy-2006-jmathe,B,2006,Journal of Mathematical Economics,The core can be accessed with a bounded number of blocks,koczy-laszlo,10.1016/j.jmateco.2006.09.002,https://doi.org/10.1016/j.jmateco.2006.09.002
laczo-rossi-2020-jome,B,2020,Journal of Monetary Economics,Time-consistent consumption taxation,laczo-sarolta; Raffaele Rossi,10.1016/j.jmoneco.2019.07.005,https://doi.org/10.1016/j.jmoneco.2019.07.005
abraham-2007-jme,B,2007,Journal of Monetary Economics,"Comment on: “Altruism, incomplete markets, and tax reform” by Fuster, İmrohoroğlu and İmrohoroğlu",abraham-arpad,10.1016/j.jmoneco.2007.11.009,https://doi.org/10.1016/j.jmoneco.2007.11.009
benczur-simon-et-al-2006-jopm,B,2006,Journal of Policy Modeling,Social costs of consumer impatience in Hungary,benczur-peter; András Simon; Viktor Várpalotai,10.1016/j.jpolmod.2006.04.012,https://doi.org/10.1016/j.jpolmod.2006.04.012
biro-2012-jope,B,2012,Journal of Population Economics,Subjective mortality hazard shocks and the adjustment of consumption expenditures,biro-aniko,10.1007/s00148-012-0461-5,https://doi.org/10.1007/s00148-012-0461-5
ambrus-greiner-zednik-2025-jpube,B,2025,Journal of Public Economics,The Effect of a 'None of the Above' Ballot Paper Option on Voting Behavior and Election Outcomes,ambrus-attila; Ben Greiner; Anita Zednik,,
szabo-ujhelyi-2024-jpube,B,2024,Journal of Public Economics,National parks and economic development,Andrea Szabó; ujhelyi-gergely,10.1016/j.jpubeco.2024.105073,https://doi.org/10.1016/j.jpubeco.2024.105073
biro-prinz-et-al-2022-jpube,B,2022,Journal of Public Economics,"The minimum wage, informal pay, and tax enforcement",biro-aniko; prinz-daniel; László Sándor,10.1016/j.jpubeco.2022.104728,https://doi.org/10.1016/j.jpubeco.2022.104728
kong-prinz-2020-jpube,B,2020,Journal of Public Economics,Disentangling policy effects using proxy data: Which shutdown policies affected unemployment during the COVID-19 pandemic?,Edward Kong; prinz-daniel,10.1016/j.jpubeco.2020.104257,https://doi.org/10.1016/j.jpubeco.2020.104257
ambrus-greiner-2019-jpube,B,2019,Journal of Public Economics,"Individual, Dictator, and Democratic punishment in public good games with perfect and imperfect observability",ambrus-attila; Ben Greiner,10.1016/j.jpubeco.2019.104053,https://doi.org/10.1016/j.jpubeco.2019.104053
ambrus-greiner-et-al-2017-jpube,B,2017,Journal of Public Economics,The case for nil votes: Voter behavior under asymmetric information in compulsory and voluntary voting systems,ambrus-attila; Ben Greiner; Anne Sastro,10.1016/j.jpubeco.2017.08.006,https://doi.org/10.1016/j.jpubeco.2017.08.006
tobias-2015-jpube,B,2015,Journal of Public Economics,Income Redistribution in Open Economies,tobias-aron,10.1016/j.jpubeco.2015.12.005,https://doi.org/10.1016/j.jpubeco.2015.12.005
ambrus-pathak-2010-jpube,B,2011,Journal of Public Economics,Cooperation over finite horizons: A theory and experiments,ambrus-attila; Parag A. Pathak,10.1016/j.jpubeco.2010.11.016,https://doi.org/10.1016/j.jpubeco.2010.11.016
koszegi-rabin-2008-jpube,B,2008,Journal of Public Economics,"Choices, situations, and happiness",koszegi-botond; Matthew Rabin,10.1016/j.jpubeco.2008.03.010,https://doi.org/10.1016/j.jpubeco.2008.03.010
ujhelyi-2008-jpube,B,2008,Journal of Public Economics,Campaign finance regulation with competing interest groups,ujhelyi-gergely,10.1016/j.jpubeco.2008.09.009,https://doi.org/10.1016/j.jpubeco.2008.09.009
gruber-koszegi-2003-jpube,B,2003,Journal of Public Economics,Tax incidence when individuals are time-inconsistent: the case of cigarette excise taxes,Jonathan Gruber; koszegi-botond,10.1016/j.jpubeco.2003.06.001,https://doi.org/10.1016/j.jpubeco.2003.06.001
dia-mond-koszegi-2002-jpube,B,2002,Journal of Public Economics,Quasi-hyperbolic discounting and retirement,Peter Dia­mond; koszegi-botond,10.1016/s0047-2727(02)00041-5,https://doi.org/10.1016/s0047-2727(02)00041-5
teruel-coad-et-al-2021-tjott,B,2021,Journal of Technology Transfer,The birth of new HGEs: internationalization through new digital technologies,Mercedes Teruel; Alex Coad; Clemens Domnick; Florian Flachenecker; harasztosi-peter; Mario Lorenzo Janiri; Rozália Pál,10.1007/s10961-021-09861-6,https://doi.org/10.1007/s10961-021-09861-6
csafordi-lorincz-et-al-2018-jtt,B,2018,Journal of Technology Transfer,"Productivity spillovers through labor flows: productivity gap, multinational experience and industry relatedness",Zsolt Csáfordi; lorincz-laszlo; lengyel-balazs; kiss-hubert,10.1007/s10961-018-9670-8,https://doi.org/10.1007/s10961-018-9670-8
lafuente-szerb-et-al-2015-jtt,B,2015,Journal of Technology Transfer,Country level efficiency and national systems of entrepreneurship: a data envelopment analysis approach,Esteban Lafuente; szerb-laszlo; Zoltán J. Ács,10.1007/s10961-015-9440-9,https://doi.org/10.1007/s10961-015-9440-9
lychagin-2016-jue,B,2016,Journal of Urban Economics,"Spillovers, absorptive capacity and agglomeration",lychagin-sergey,10.1016/j.jue.2016.08.005,https://doi.org/10.1016/j.jue.2016.08.005
barany-siegel-2020-labec,B,2020,Labour Economics,Biased technological change and employment reallocation,barany-zsofia; Christian Siegel,10.1016/j.labeco.2020.101930,https://doi.org/10.1016/j.labeco.2020.101930
telegdy-2018-labec,B,2018,Labour Economics,Public wage spillovers: The role of individual characteristics and employer wage policies,telegdy-almos,10.1016/j.labeco.2018.08.008,https://doi.org/10.1016/j.labeco.2018.08.008
danis-gamba-2023-ms,B,2023,Management Science,Dark Knights: The Rise in Firm Intervention by CDS Investors,danis-andras; Andrea Gamba,,
danis-2017-ms,B,2017,Management Science,Do Empty Creditors Matter? Evidence from Distressed Exchange Offers,danis-andras,,
sziklai-fleiner-et-al-2016-mathprog,B,2016,Mathematical Programming,On the core and nucleolus of directed acyclic graph games,sziklai-balazs; fleiner-tamas; Tamás Solymosi,10.1007/s10107-016-1062-y,https://doi.org/10.1007/s10107-016-1062-y
fleiner-jordan-1999-mathprog,B,1999,Mathematical Programming,Coverings and structure of crossing families,fleiner-tamas; Tibor Jordán,10.1007/s101070050035,https://doi.org/10.1007/s101070050035
koczy-sziklai-2018-orl,B,2018,Operations Research Letters,Bounds on Malapportionment,koczy-laszlo; sziklai-balazs,10.1016/j.orl.2018.03.002,https://doi.org/10.1016/j.orl.2018.03.002
solymosi-sziklai-2016-orl,B,2016,Operations Research Letters,Characterization sets for the nucleolus in balanced games,Tamás Solymosi; sziklai-balazs,10.1016/j.orl.2016.05.014,https://doi.org/10.1016/j.orl.2016.05.014
fleiner-frank-et-al-2003-orl,B,2003,Operations Research Letters,A constrained independent set problem for matroids,fleiner-tamas; András Frank; Satoru Iwata,10.1016/s0167-6377(03)00063-4,https://doi.org/10.1016/s0167-6377(03)00063-4
fredriksson-neumayer-et-al-2007-pc,B,2007,Public Choice,Kyoto Protocol cooperation: Does government corruption facilitate environmental lobbying?,Per G. Fredriksson; Eric Neumayer; ujhelyi-gergely,10.1007/s11127-007-9187-4,https://doi.org/10.1007/s11127-007-9187-4
bekes-harasztosi-2012-rsue,B,2012,Regional Science and Urban Economics,Agglomeration premium and trading activity of firms,bekes-gabor; harasztosi-peter,10.1016/j.regsciurbeco.2012.11.004,https://doi.org/10.1016/j.regsciurbeco.2012.11.004
elekes-2024-rs-resilience,B,2024,Regional Studies,Regional resilience and the network structure of inter-industry labour flows,elekes-zoltan,,
acs-szerb-et-al-2014-regstud,B,2014,Regional Studies,The Regional Application of the Global Entrepreneurship and Development Index (GEDI): The Case of Spain,Zoltán J. Ács; szerb-laszlo; Raquel Ortega‐Argilés; Ruta Aidis; Alicia Coduras,10.1080/00343404.2014.888712,https://doi.org/10.1080/00343404.2014.888712
galasso-mitchell-et-al-2017-rp,B,2017,Research Policy,A theory of grand innovation prizes,Alberto Galasso; Matthew Mitchell; virag-gabor,10.1016/j.respol.2017.11.009,https://doi.org/10.1016/j.respol.2017.11.009
acs-autio-et-al-2013-rp,B,2013,Research Policy,National Systems of Entrepreneurship: Measurement issues and policy implications,Zoltán J. Ács; Erkko Autio; szerb-laszlo,10.1016/j.respol.2013.08.016,https://doi.org/10.1016/j.respol.2013.08.016
barany-siegel-2020-red,B,2020,Review of Economic Dynamics,Engines of sectoral labor productivity growth,barany-zsofia; Christian Siegel,10.1016/j.red.2020.07.007,https://doi.org/10.1016/j.red.2020.07.007
abraham-pavoni-2008-roed,B,2008,Review of Economic Dynamics,Efficient allocations with moral hazard and hidden borrowing and lending: A recursive formulation,abraham-arpad; Nicola Pavoni,10.1016/j.red.2008.05.001,https://doi.org/10.1016/j.red.2008.05.001
valentinyi-herrendorf-2008-roed,B,2008,Review of Economic Dynamics,Measuring factor income shares at the sectoral level,valentinyi-akos; Berthold Herrendorf,10.1016/j.red.2008.02.003,https://doi.org/10.1016/j.red.2008.02.003
benk-gillman-et-al-2005-red,B,2005,Review of Economic Dynamics,Credit shocks in the financial deregulatory era: Not the usual suspects,benk-szilard; Max Gillman; Michal Kejak,10.1016/j.red.2005.01.012,https://doi.org/10.1016/j.red.2005.01.012
herrendorf-valentinyi-2003-roed,B,2003,Review of Economic Dynamics,Determinacy through intertemporal capital adjustment costs,Berthold Herrendorf; valentinyi-akos,10.1016/s1094-2025(03)00020-6,https://doi.org/10.1016/s1094-2025(03)00020-6
heidhues-koszegi-2015-roio,B,2015,Review of Industrial Organization,On the Welfare Costs of Naiveté in the US Credit-Card Market,Paul Heidhues; koszegi-botond,10.1007/s11151-015-9473-0,https://doi.org/10.1007/s11151-015-9473-0
bekes-murakozy-2018-rowe,B,2018,Review of World Economics,The ladder of internationalization modes: evidence from European firms,bekes-gabor; murakozy-balazs,10.1007/s10290-018-0305-9,https://doi.org/10.1007/s10290-018-0305-9
cede-chiriacescu-et-al-2018-rowe,B,2018,Review of World Economics,Export characteristics and output volatility: comparative firm-level evidence for CEE countries,Urška Čede; Bogdan Chiriacescu; harasztosi-peter; Tibor Lalinský; Jaanika Meriküll,10.1007/s10290-018-0312-x,https://doi.org/10.1007/s10290-018-0312-x
bekes-fontagne-et-al-2017-rowe,B,2017,Review of World Economics,Shipment frequency of exporters and demand uncertainty,bekes-gabor; Lionel Fontagné; murakozy-balazs; Vincent Vicard,10.1007/s10290-017-0286-0,https://doi.org/10.1007/s10290-017-0286-0
halpern-piazolo-et-al-1998-rowe,B,1998,Review of World Economics,Book reviews,halpern-laszlo; Daniel Piazolo; Horst Siebert; Franco Reither; Rolf Jungnickel,10.1007/bf02707931,https://doi.org/10.1007/bf02707931
acs-song-et-al-2021-sbe,B,2021,Small Business Economics,The evolution of the global digital platform economy: 1971–2021,Zoltán J. Ács; Abraham K. Song; szerb-laszlo; David B. Audretsch; Éva Komlósi,10.1007/s11187-021-00561-x,https://doi.org/10.1007/s11187-021-00561-x
bencsik-chuluun-2019-sbe,B,2019,Small Business Economics,Comparative well-being of the self-employed and paid employees in the USA,bencsik-panka; Tuugi Chuluun,10.1007/s11187-019-00221-1,https://doi.org/10.1007/s11187-019-00221-1
acs-o-gorman-et-al-2007-sbe,B,2007,Small Business Economics,Could the Irish Miracle be Repeated in Hungary?,Zoltán J. Ács; Colm O’Gorman; szerb-laszlo; Siri Terjesen,10.1007/s11187-006-9027-9,https://doi.org/10.1007/s11187-006-9027-9
acs-szerb-2006-sbe,B,2006,Small Business Economics,"Entrepreneurship, Economic Growth and Public Policy",Zoltán J. Ács; szerb-laszlo,10.1007/s11187-006-9012-3,https://doi.org/10.1007/s11187-006-9012-3
keller-szakal-2022-socforces,B,2022,Social Forces,"Yes, you can! Effects of transparent admission standards",keller-tamas; Péter Szakál,,
bekes-harasztosi-2017-taors,B,2017,The Annals of Regional Science,Grid and shake: spatial aggregation and the robustness of regionally estimated elasticities,bekes-gabor; harasztosi-peter,10.1007/s00168-017-0849-y,https://doi.org/10.1007/s00168-017-0849-y
abraham-cavalcanti-2015-tbejo,B,2015,The B.E. Journal of Macroeconomics,Preface to “Reflections on Macroeconometric Modeling” by Ray C. Fair,abraham-arpad; Tiago Cavalcanti,10.1515/bejm-2014-0144,https://doi.org/10.1515/bejm-2014-0144
tobias-2020-tad,B,2020,Theory and Decision,A unified epistemological theory of information processing,tobias-aron,10.1007/s11238-020-09769-x,https://doi.org/10.1007/s11238-020-09769-x
darvas-2019-wd,B,2019,World Development,Global interpersonal income inequality decline: The role of China and India,darvas-zsolt,10.1016/j.worlddev.2019.04.011,https://doi.org/10.1016/j.worlddev.2019.04.011
manchin-orazbayev-2018-wd,B,2018,World Development,Social networks and the intention to migrate,manchin-miriam; Sultan Orazbayev,10.1016/j.worlddev.2018.05.011,https://doi.org/10.1016/j.worlddev.2018.05.011
francois-manchin-2013-wd,B,2013,World Development,"Institutions, Infrastructure, and Trade",Joseph François; manchin-miriam,10.1016/j.worlddev.2013.02.009,https://doi.org/10.1016/j.worlddev.2013.02.009
elekes-2023-cjres,C,2023,"Cambridge Journal of Regions, Economy and Society",Regional diversification and labour market upgrading: local access to skill-related high-income jobs helps workers escaping low-wage employment,elekes-zoltan,,
barath-bokusheva-ferto-2017-easternee,C,2017,Eastern European Economics,Demand for farm insurance under financial constraints,barath-lajos; Raushan Bokusheva; ferto-imre,,
koczy-sziklai-csercsik-2022-esr2,C,2022,Energy Strategy Reviews,Nord Stream 2: A prelude to war,koczy-laszlo; sziklai-balazs; csercsik-david,,
baro-branyiczki-elek-2022-eja,C,2022,European Journal of Ageing,Time patterns of precautionary health behaviours during an easing phase of the COVID-19 pandemic in Europe,Anita Báró; branyiczki-reka; elek-peter,,
elekes-2021-eps-collab,C,2021,European Planning Studies,Repeated collaboration of inventors across European regions,elekes-zoltan,,
cepaluni-dorsch-branyiczki-2022-jpfpc,C,2022,Journal of Public Finance and Public Choice,Political regimes and deaths in the early stages of the COVID-19 pandemic,Gabriele Cepaluni; Michael T. Dorsch; branyiczki-reka,,
lorincz-2024-netsci,C,2024,Network Science,Business transactions and ownership ties between firms,lorincz-laszlo,,
csercsik-koczy-2017-nse,C,2017,Networks and Spatial Economics,Efficiency and stability in electrical power transmission networks: A partition function form approach,csercsik-david; koczy-laszlo,,
csercsik-2016-nse,C,2016,Networks and Spatial Economics,Competition and cooperation in a bidding model of electrical energy trade,csercsik-david,,
csercsik-habis-2015-nse,C,2015,Networks and Spatial Economics,Cooperation with externalities and uncertainty,csercsik-david; Helga Habis,,
lorincz-2023-plosone,C,2023,PLOS ONE,Firm production adjustment after demand shocks,lorincz-laszlo,,
keller-szakal-2021-plosone-encouragement,C,2021,PLOS ONE,"Effects of a light-touch randomized encouragement intervention on students' exam grades, self-efficacy, motivation, and test anxiety",keller-tamas; Péter Szakál,,
keller-takacs-2021-plosone-proximity,C,2021,PLOS ONE,Proximity can induce diverse friendships: A large randomized classroom experiment,keller-tamas; Károly Takács,,
barath-ferto-bojnec-2025-scirep,C,2025,Scientific Reports,Gender-based differences in eco-efficient farming,barath-lajos; ferto-imre; Štefan Bojnec,,
cervone-gaspar-et-al-2023-sir,C,2023,Social Indicators Research,A Twofold-Subjective Measure of Income Inequality,Carmen Cervone; gaspar-attila; et al.,,
ertl-2022-ksz,B-hu,2022,Közgazdasági Szemle,Méltányos és méltánytalan különbségek az egyéni döntéshozatalban,ertl-antal,10.18414/ksz.2022.10.1170,https://doi.org/10.18414/ksz.2022.10.1170
csoka-havran-et-al-2016-ks,B-hu,2016,Közgazdasági Szemle,"Konferencia a pénzügyi piacok likviditásáról. Sixth Annual Financial Market Liquidity Conference, 2015",csoka-peter; Dániel Havran; Kata Váradi,10.18414/ksz.2016.4.461,https://doi.org/10.18414/ksz.2016.4.461
lindner-dellavigna-et-al-2025-nber,-,2025,,Using Multiple Outcomes to Adjust Standard Errors for Spatial Correlation,lindner-attila; Stefano DellaVigna; Guido W. Imbens; Won‐Seok Kim; David M. Ritzwoller,10.3386/w33716,https://doi.org/10.3386/w33716
akyol-krishna-et-al-2024-nber,-,2024,,Targeting the Gender Placement Gap: Marks Versus Money,Pelin Akyol; Kala Krishna; lychagin-sergey,10.3386/w33074,https://doi.org/10.3386/w33074
baro-branyiczki-et-al-2022-krtkwp-payroll-taxes,-,2022,,Firm heterogeneity and the impact of payroll taxes,Anita Báró; branyiczki-reka; lindner-attila; prinz-daniel; Lóránt Márk,,
biro-branyiczki-2019-wp,-,2019,,17. Health gap in post-socialist Central and Eastern Europe: A life-course perspective,biro-aniko; branyiczki-reka,10.1515/9783110617245-017,https://doi.org/10.1515/9783110617245-017
konya-2018-wp,-,2018,,The Neoclassical Growth Model,konya-istvan,10.1007/978-3-319-69317-0_6,https://doi.org/10.1007/978-3-319-69317-0_6
simonovits-2018-wp,-,2018,,Models of Political Economy,simonovits-andras,10.1007/978-3-319-72502-4_12,https://doi.org/10.1007/978-3-319-72502-4_12
halpern-2013-wp,-,2013,,EU accession as an instrument for speeding up transition,halpern-laszlo,10.4324/9780203067901-29,https://doi.org/10.4324/9780203067901-29
lengyel-2012-wp,-,2012,,Regional Clustering Tendencies of the Hungarian Automotive and ICT Industries in the First Half of the 2000s,lengyel-balazs,10.1007/978-3-642-25816-9_4,https://doi.org/10.1007/978-3-642-25816-9_4
lieli-hsu-et-al-2022-asita,-,2022,Advanced studies in theoretical and applied econometrics,The Use of Machine Learning in Treatment Effect Estimation,lieli-robert; Yu‐Chin Hsu; Ágoston Reguly,10.1007/978-3-031-15149-1_3,https://doi.org/10.1007/978-3-031-15149-1_3
broadberry-vonyo-2025-cupe,-,2025,Cambridge University Press eBooks,Blockading Britain and Germany during World War I,Stephen Broadberry; vonyo-tamas,10.1017/9781009474887.005,https://doi.org/10.1017/9781009474887.005
vonyo-2018-cupe,-,2018,Cambridge University Press eBooks,Made in Germany: The Post-War Export Boom,vonyo-tamas,10.1017/9781316414927.006,https://doi.org/10.1017/9781316414927.006
benk-horvath-et-al-2024-cte,-,2024,Contributions to economics,Inflation Shock and Monetary Policy,benk-szilard; P. Horváth; Norbert Szepesi,10.1007/978-3-031-61561-0_4,https://doi.org/10.1007/978-3-031-61561-0_4
benczur-konya-2022-cte,-,2022,Contributions to economics,Convergence to the Centre,benczur-peter; konya-istvan,10.1007/978-3-030-93963-2_1,https://doi.org/10.1007/978-3-030-93963-2_1
biro-kollanyi-et-al-2022-cte,-,2022,Contributions to economics,Health and Social Security,biro-aniko; Zsófia Kollányi; Piotr Romaniuk; Šime Smolić,10.1007/978-3-030-93963-2_8,https://doi.org/10.1007/978-3-030-93963-2_8
horn-keller-et-al-2016-eepe,-,2016,Edward Elgar Publishing eBooks,Early tracking and competition – A recipe for major inequalities in Hungary,horn-daniel; keller-tamas; Péter Róbert,10.4337/9781785367267.00017,https://doi.org/10.4337/9781785367267.00017
csermely-harasztosi-et-al-2012-eepe,-,2012,Edward Elgar Publishing eBooks,Opportunities and challenges – the impact of Chinese competition on Hungarian manufacturing,Ágnes Csermely; harasztosi-peter; Gábor Pellényi,10.4337/9781781009505.00019,https://doi.org/10.4337/9781781009505.00019
acs-szerb-2011-eepe,-,2011,Edward Elgar Publishing eBooks,Entrepreneurship and Economic Development,Zoltán J. Ács; szerb-laszlo,10.4337/9781781001158.00008,https://doi.org/10.4337/9781781001158.00008
telegdy-2011-eepe,-,2011,Edward Elgar Publishing eBooks,Corporate governance and the structure of ownership of Hungarian corporations,telegdy-almos,10.4337/9781849808293.00016,https://doi.org/10.4337/9781849808293.00016
acs-szerb-2010-eepe,-,2010,Edward Elgar Publishing eBooks,Entrepreneurship and Economic Development,Zoltán J. Ács; szerb-laszlo,10.4337/9780857935540.00008,https://doi.org/10.4337/9780857935540.00008
herrendorf-rogerson-et-al-2013-ee,-,2013,Elsevier eBooks,Growth and Structural Transformation,Berthold Herrendorf; Richard Rogerson; valentinyi-akos,10.1016/b978-0-444-53540-5.00006-9,https://doi.org/10.1016/b978-0-444-53540-5.00006-9
heidhues-koszegi-2018-hobe,-,2018,Handbook of behavioral economics,Behavioral Industrial Organization,Paul Heidhues; koszegi-botond,10.1016/bs.hesbe.2018.07.006,https://doi.org/10.1016/bs.hesbe.2018.07.006
francois-manchin-et-al-2013-hocge,-,2013,Handbook of computable general equilibrium modeling,Market Structure in Multisector General Equilibrium Models of Open Economies,Joseph François; manchin-miriam; Will Martín,10.1016/b978-0-444-59568-3.00024-9,https://doi.org/10.1016/b978-0-444-59568-3.00024-9
kertesi-koll-2002-rile,-,2002,Research in labor economics,"Economic transformation and the revaluation of human capital — Hungary, 1986–1999",kertesi-gabor; János Köll,10.1016/s0147-9121(02)21013-4,https://doi.org/10.1016/s0147-9121(02)21013-4
acs-szerb-et-al-2017-sie,-,2017,SpringerBriefs in economics,The Global Entrepreneurship Index,Zoltán J. Ács; szerb-laszlo; Erkko Autio,10.1007/978-3-319-63844-7_3,https://doi.org/10.1007/978-3-319-63844-7_3
acs-szerb-et-al-2015-sie,-,2015,SpringerBriefs in economics,The Global Entrepreneurship and Development Index,Zoltán J. Ács; szerb-laszlo; Erkko Autio,10.1007/978-3-319-14932-5_4,https://doi.org/10.1007/978-3-319-14932-5_4
czibik-fazekas-et-al-2021-ucs,-,2021,Understanding complex systems,Networked Corruption Risks in European Defense Procurement,Ágnes Czibik; Mihály Fazekas; Alfredo Hernández Sánchez; wachs-johannes,10.1007/978-3-030-81484-7_5,https://doi.org/10.1007/978-3-030-81484-7_5
brenton-manchin-2014-wssii,-,2014,World Scientific Studies in International Economics,Making EU Trade Agreements Work: The Role of Rules of Origin,Paul Brenton; manchin-miriam,10.1142/9789814603386_0014,https://doi.org/10.1142/9789814603386_0014
